aldfly_0.png	IM_3luHnnPVBil8w4e
aldfly_0.png	IM_bCnuqVNX0Fpnumi
aldfly_0.png	IM_d6YYd05mskn7B7o
aldfly_1.png	IM_0e1LyBeBU05vdt4
aldfly_1.png	IM_b1KHJRsRvnP7JoW
aldfly_1.png	IM_ekQ4SWG3IkVWWH4
aldfly_2.png	IM_1YoHNNKEpwIlgqO
aldfly_2.png	IM_56B1rLYjGtmIQES
aldfly_2.png	IM_5bcE03zzYosUy0e
amecro_0.png	IM_3HST8qgFdnjJIYS
amecro_0.png	IM_4ZqaZCeR3VTNzHo
amecro_0.png	IM_eDS0Jvc1Gd0SsJg
amecro_1.png	IM_0DkzM3fi092wCDc
amecro_1.png	IM_8D4fHRvf7MGTcrQ
amecro_1.png	IM_b1V9dh7KUJcaacS
amecro_2.png	IM_3C2Ylmb3SDyTcXk
amecro_2.png	IM_3wVRGvhh4pRnxaK
amecro_2.png	IM_6qUL4NDWmOItFqe
amegfi_0.png	IM_2sGKV9S8uTrM1pQ
amegfi_0.png	IM_6gxfUfSiAVEvQoe
amegfi_0.png	IM_dhWhNeUFU7BVKKi
amegfi_1.png	IM_5BeXnAJN7PWoYqq
amegfi_1.png	IM_bykTp1IAHbquU4K
amegfi_1.png	IM_eeXl99KU3YNnYiO
amegfi_2.png	IM_0dCXcrVMUfVE4iW
amegfi_2.png	IM_6Pz66m2gS0x636S
amegfi_2.png	IM_etYTi5EHAYALNr0
amekes_0.png	IM_02H9rBz9yafykOa
amekes_0.png	IM_1NtP8YFCbhWCqzA
amekes_0.png	IM_3gxoqpZYlOb1lJQ
amekes_1.png	IM_0Ng5gTcsrgyweVM
amekes_1.png	IM_4GBrCbCa0Oc7gLI
amekes_1.png	IM_e9TmHKJCXwHbICq
amekes_2.png	IM_1HQqzXw4KWkqQaG
amekes_2.png	IM_6txIrN38Vwe6DY2
amekes_2.png	IM_di3ThdAFsWTf7fw
amered_0.png	IM_3VRnhkSrCfh2Up8
amered_0.png	IM_6o1Zl7lpcBG4VZc
amered_0.png	IM_bDgFGrXJQThB3Dg
amered_1.png	IM_2gH729mHvEvlK7A
amered_1.png	IM_81ReWWxZFUUDKGG
amered_1.png	IM_dpAEuF9nXuiijfo
amered_2.png	IM_1BJ0zfNdeHv6Etg
amered_2.png	IM_1Zjq1iPd7D8nYZU
amered_2.png	IM_6u6DMbC3Gme9xQy
amerob_0.png	IM_3KPt21WOaT18nX0
amerob_0.png	IM_bkAWEQH8thBLBiK
amerob_0.png	IM_cZst8nF0Iovyhkq
amerob_1.png	IM_56CMJjMvt1Ns1tY
amerob_1.png	IM_6ApniAAc6npRr4G
amerob_1.png	IM_9HuSGlaS9OM9j8y
amerob_2.png	IM_4Ysd2uFGAcNJXx4
amerob_2.png	IM_6sf0dj40on5Lace
amerob_2.png	IM_eCGuw39UFhdoLBQ
anhing_0.png	IM_0H6N3xqFDOVbj6u
anhing_0.png	IM_1YAevw2Z55m28Hs
anhing_0.png	IM_dm9blFursPwIDA2
anhing_1.png	IM_2sjliILAtE0Cc7A
anhing_1.png	IM_9nQXV6qIWjIxTdY
anhing_1.png	IM_a98V6RNzGmRi4NE
anhing_2.png	IM_4I5eHIsurdqpxzw
anhing_2.png	IM_86rM6cuFNzOFnHo
anhing_2.png	IM_eVdolYTCSfwMBGS
annhum_0.png	IM_1HyIWXTct62t3Cu
annhum_0.png	IM_8csUc9vUU0coiAm
annhum_0.png	IM_esTbnolPtP4yUf4
annhum_1.png	IM_b77rmSqdNylZQKW
annhum_1.png	IM_bezRriBAVqGxK3c
annhum_1.png	IM_dbZbelQy8k7qEui
annhum_2.png	IM_0ujZ3oX9qQZjpwW
annhum_2.png	IM_85LoqN8ZaE0LUQm
annhum_2.png	IM_cI7xjVk1Zfke5Cu
arcter_0.png	IM_5sBuKPKWbwgQCqi
arcter_0.png	IM_6yTIjVYD2z17yxo
arcter_0.png	IM_cYAojBqQLJLn8HQ
arcter_1.png	IM_3DXRzKKG88EnDMi
arcter_1.png	IM_cO26fOrwifh6TvU
arcter_1.png	IM_eEdNFlKfsZ7HHim
arcter_2.png	IM_0ebIJXjwn1fxYeW
arcter_2.png	IM_2tmAGO5UW2IIb1c
arcter_2.png	IM_5tJAzDDsikejFhc
baleag_0.png	IM_4OUlW5EWUgCwLVI
baleag_0.png	IM_7P4aA36xBO3b9eS
baleag_0.png	IM_cGgECe9ir8YwGc6
baleag_1.png	IM_1ACFc2NlPV0x2F8
baleag_1.png	IM_6XdwGzamsEri3ZA
baleag_1.png	IM_8cgW6jhFqsHbAjk
baleag_2.png	IM_06tcEapPQ8QwSDc
baleag_2.png	IM_3Oa3xShH6TSgvvo
baleag_2.png	IM_5vVJ03LUQUBtaPI
barswa_0.png	IM_4Vg4O4kCABX4FmK
barswa_0.png	IM_ai71RM8KIqUJhB4
barswa_0.png	IM_eEUfrdQ01vtSWrA
barswa_1.png	IM_6hrK7xaMxgaVBqu
barswa_1.png	IM_6JAUX6Iwz8vA8Tk
barswa_1.png	IM_9pGkdEqQdTb4IyW
barswa_2.png	IM_0GOnkEcc8aVHR1c
barswa_2.png	IM_1C9OqZ1buTOCRxQ
barswa_2.png	IM_cDfhVgoIrB5FQJU
bcnher_0.png	IM_7808ax6vo44fXCK
bcnher_0.png	IM_8H5071Kdrq51eeO
bcnher_0.png	IM_9QTPpDU5mahoSd8
bcnher_1.png	IM_8cEeHVvfqKZmwpE
bcnher_1.png	IM_e2GUUnLoL8e059Q
bcnher_1.png	IM_exQQ4BReP58wrkO
bcnher_2.png	IM_0vRj7wUmn9AnGu2
bcnher_2.png	IM_6tZCJ5SEu3UcmTI
bcnher_2.png	IM_eRjedgl5EG7EFgy
belkin1_0.png	IM_24sSlb0cRsriCaO
belkin1_0.png	IM_5bcCwlrwK5w4XH0
belkin1_0.png	IM_8zU7augdQjGuUmi
belkin1_1.png	IM_bjedLFvpJNBRwyi
belkin1_1.png	IM_cN5bBCwx08i3edM
belkin1_1.png	IM_e8uPsVqLmnXxxEq
belkin1_2.png	IM_afTDSRG1qPbi1lY
belkin1_2.png	IM_d5rZTZHYTTYLXZY
belkin1_2.png	IM_ei0DyXGGr6KsuzA
bkbcuc_0.png	IM_1TGTeXnn7VGnHTg
bkbcuc_0.png	IM_6LkZY0v9rfVRnyS
bkbcuc_0.png	IM_bKsHWP5uoNHw5mu
bkbcuc_1.png	IM_7QCiqAbRk0cy1g2
bkbcuc_1.png	IM_8uoLZ0seyBn5OWq
bkbcuc_1.png	IM_aXXARRBiiYMH6Xc
bkbcuc_2.png	IM_5stD5zg8aFsi9P8
bkbcuc_2.png	IM_8vIQrpKGOcb8vWu
bkbcuc_2.png	IM_dapgaSuXupnOeBE
bkcchi_0.png	IM_29vypT2J3NlJZJQ
bkcchi_0.png	IM_9GhlZPj06XOD6VE
bkcchi_0.png	IM_eLh8YXBt4X2yij4
bkcchi_1.png	IM_0SCqMOKW6TShpSC
bkcchi_1.png	IM_5mrrkfU337XDrQW
bkcchi_1.png	IM_9NZLZawtoshDecu
bkcchi_2.png	IM_9LvHIvUkKUZnv02
bkcchi_2.png	IM_9z91QvyJky2cOSW
bkcchi_2.png	IM_ePx5XtrS0DhRI7I
bknsti_0.png	IM_4T6Zt7UELyhPC6i
bknsti_0.png	IM_6LljYxjgwbsdmw6
bknsti_0.png	IM_80QFzoUvVELjCGW
bknsti_1.png	IM_57iAoTs2Mx762Ro
bknsti_1.png	IM_7UkdiTGk4gV8qdU
bknsti_1.png	IM_eKA0mlnS108fLkW
bknsti_2.png	IM_0ooj8PmVpOnIrBA
bknsti_2.png	IM_2fBuAsQ2C3Xw5xQ
bknsti_2.png	IM_37SqWyQxMElKpq6
blkvul_0.png	IM_0idbSoYr1UPGlcW
blkvul_0.png	IM_blrrKSnKrKPDcVw
blkvul_0.png	IM_enBRGVGYiLjz6WW
blkvul_1.png	IM_7VBkdLNDSWQPHNA
blkvul_1.png	IM_87y46Wx7f2sk4wC
blkvul_1.png	IM_cD5Qw06ePw5NgOO
blkvul_2.png	IM_6hTB1M77WUoeMKy
blkvul_2.png	IM_bOwyqW54HCG9fHo
blkvul_2.png	IM_eyRUUhOJTAZe4ES
blueth_0.png	IM_bpvcQCaYfXrrfHU
blueth_0.png	IM_elpsJnKm5dO75XM
blueth_0.png	IM_eRHXRAmgczYXopw
blueth_1.png	IM_8kKeDik0oR8P1wa
blueth_1.png	IM_b8COhsQqspbszEG
blueth_1.png	IM_b9ND4aiFnVbhO06
blueth_2.png	IM_0UPusKXmLm6i1hA
blueth_2.png	IM_2rU68q9LhqH4yai
blueth_2.png	IM_8HXrBkkEk1JpS5w
blugrb1_0.png	IM_0j3XPsslsHEXbO6
blugrb1_0.png	IM_2tuy7OY4FeTRQoK
blugrb1_0.png	IM_9G3SgIv0nHENEWi
blugrb1_1.png	IM_3ELlOkb7sJXfbMO
blugrb1_1.png	IM_4INdd6xBzsyenlQ
blugrb1_1.png	IM_eJPYrtETQ3cxhky
blugrb1_2.png	IM_2hOOPclQfFqFw2y
blugrb1_2.png	IM_57Hr871dRwljbD0
blugrb1_2.png	IM_9obLFo8puJ0eCPQ
blujay_0.png	IM_5mqQ4XFYRHCqxpk
blujay_0.png	IM_6QAe39viSicOABw
blujay_0.png	IM_9Sx23oBWsifxOf4
blujay_1.png	IM_40GfR0ZhjqwXCyq
blujay_1.png	IM_4IWtAQmS0xVUh8O
blujay_1.png	IM_enUqZU2TXaUCwCi
blujay_2.png	IM_8u0aGn4qtkzoI98
blujay_2.png	IM_9F5I43bPgModHsa
blujay_2.png	IM_etCyhoC1WoeL9mS
bnhcow_0.png	IM_00rbhFBvs5eTP9k
bnhcow_0.png	IM_3JLAvjkOwrcftMq
bnhcow_0.png	IM_8BaXDXlIII0yuhg
bnhcow_1.png	IM_3PEb9IgknIh5HpQ
bnhcow_1.png	IM_5o40VYbxBmnSrEW
bnhcow_1.png	IM_9ERx9RUDYg2eDu6
bnhcow_2.png	IM_4ZNiBcetFsdLmSi
bnhcow_2.png	IM_aWBH8IpPWEG8qhM
bnhcow_2.png	IM_eM6qcqOSDYbEJnw
brebla_0.png	IM_0q44wpaRuWCOdX8
brebla_0.png	IM_6QLkUZF1sleJtSS
brebla_0.png	IM_agV1QsOmp3MXNdA
brebla_1.png	IM_06O2t7KzZu3jr8y
brebla_1.png	IM_3rtjXgYUpKqYZEO
brebla_1.png	IM_eQkuSScmV52AWTY
brebla_2.png	IM_9MPWPq0gzzOBhTE
brebla_2.png	IM_cIUAnNZrHao2YrI
brebla_2.png	IM_eURVeFuxX5GLCvQ
brnpel_0.png	IM_4IsJ2PWb20g7QPA
brnpel_0.png	IM_d12IUlQjCiMG0Yu
brnpel_0.png	IM_ezYqCgYYAemoi7Y
brnpel_1.png	IM_06ty1UrJoN0oPQi
brnpel_1.png	IM_1RetfmYzh1GWu90
brnpel_1.png	IM_73NHuwuDuPEWX7E
brnpel_2.png	IM_6zZmrPlpAzP8NOC
brnpel_2.png	IM_e8zjZrwkOMOF9vo
brnpel_2.png	IM_ePugbPHPyCZx58a
brwhaw_0.png	IM_3DZq4ilg8Jvn6Pc
brwhaw_0.png	IM_3IrO1dEXyIL6Ilg
brwhaw_0.png	IM_8k2tt7M5uxUokh8
brwhaw_1.png	IM_7ZCwqSGVOJogmXk
brwhaw_1.png	IM_9B9HYgp6Ei5g1Dg
brwhaw_1.png	IM_digBHlXpVIL7fN4
brwhaw_2.png	IM_06ZWVIOqvUNB8KG
brwhaw_2.png	IM_0iJzXjBz8uWKkV8
brwhaw_2.png	IM_5hTGu7xbdzyQTum
buggna_0.png	IM_9FZbZ3VagCJoKxg
buggna_0.png	IM_9zsnHisSEcdqlds
buggna_0.png	IM_eYaZ1MflXB8Ghcq
buggna_1.png	IM_3XfR3kQOwHLSIzc
buggna_1.png	IM_41tcIAC8wiMiScC
buggna_1.png	IM_ahPK6Df5YkDuCRE
buggna_2.png	IM_55Nweg84H6WUQuy
buggna_2.png	IM_a9R8ctE7PlvahYa
buggna_2.png	IM_esvSdsimpOdQrHg
calqua_0.png	IM_0xLHIoDUTHwXLfM
calqua_0.png	IM_7UrC2KNvBTFaMC2
calqua_0.png	IM_8elCp3PSFTMrVUq
calqua_1.png	IM_2mbBLxmsMR5O5bU
calqua_1.png	IM_79UI3eU91P0R1yu
calqua_1.png	IM_cZ1XEsjH0PuXHhA
calqua_2.png	IM_01I8CvYNhTmyM0C
calqua_2.png	IM_1WZNjYPI26ZVG6O
calqua_2.png	IM_bsE83IH42kFyL7E
cangoo_0.png	IM_1yVfJk7I0vZLjOS
cangoo_0.png	IM_cBJJgi5pAHk9NpI
cangoo_0.png	IM_ehu9faI7JL9g7cy
cangoo_1.png	IM_8ifftXEQoTi5cIC
cangoo_1.png	IM_bNlKlT2WV5LZN6S
cangoo_1.png	IM_eexJFBV3xFdyrGu
cangoo_2.png	IM_7ZL39j58dubZdYi
cangoo_2.png	IM_b2d2WZ9Z9mZyR6e
categr_0.png	IM_07CbS25Yv5niozY
categr_0.png	IM_9vEEXGSSHNqQnS6
categr_0.png	IM_cU5KqjVdYhy7aM6
categr_1.png	IM_3BK79khqVUBPTds
categr_1.png	IM_6lFBY8mC8HIrX6K
categr_1.png	IM_8wSFgEt9AuARaHI
categr_2.png	IM_72NVOtuLLtG3smG
categr_2.png	IM_9ogeT86WxpKfjds
categr_2.png	IM_afy7YyDFB6KGmSq
cedwax_0.png	IM_0rKn1rc5jMar5gq
cedwax_0.png	IM_5iO2PDgF7LULSbI
cedwax_1.png	IM_3WpkTwmUttufxau
cedwax_1.png	IM_dmoOXo9v2DLii9w
cedwax_2.png	IM_0P5PqWuLGuQPSui
cedwax_2.png	IM_8CVyvUjVBrEEuVM
cedwax_2.png	IM_8q78aplFjkRYLps
comgal1_0.png	IM_4G9ueJLx6dIHxMG
comgal1_0.png	IM_cuzCTJzFToUUo2W
comgal1_1.png	IM_231le85l83rkg2G
comgal1_1.png	IM_72LAuL036nGO4wm
comgal1_1.png	IM_bsy8pcpP3zOi2eW
comgal1_2.png	IM_5AemmRrN428U9sG
comgal1_2.png	IM_9RezT0yyRIXTXPo
comgal1_2.png	IM_bKOXWIsLaJJFbsW
comgra_0.png	IM_2aVtPFA0AJk9lCS
comgra_0.png	IM_3ra585HuzboiGcS
comgra_0.png	IM_cAUtOSfz3YdXfFQ
comgra_1.png	IM_2ipABrNzu2CjSMm
comgra_1.png	IM_5ywDDcuor2RO4nQ
comgra_1.png	IM_72qYGz31lwV1RVI
comgra_2.png	IM_0ikGveP5xzZjclU
comgra_2.png	IM_4SXYPp15x7ResAK
comgra_2.png	IM_5nXYavAlHfKc7pc
comloo_0.png	IM_7ZDQJqRi4W930Zo
comloo_0.png	IM_bfKq61k44xL7Y2i
comloo_0.png	IM_cCFUjyHiRBTjWQu
comloo_1.png	IM_425yDugMyUDopLw
comloo_1.png	IM_5uqWYB7ZM0iNozA
comloo_1.png	IM_ebOQxu7ih2xfs4m
comloo_2.png	IM_4HgwvzpSHLBFJ66
comloo_2.png	IM_9WAEIkS2M50lGQu
comloo_2.png	IM_bJH4lerwOXHcWjA
comred_0.png	IM_0wvLygMWjtw8uEe
comred_0.png	IM_1FIbxSUpuhcHOFo
comred_0.png	IM_3rsn39LBp28zGaq
comred_1.png	IM_42YRHj6xmDi7ZgW
comred_1.png	IM_5i3bYQe1el61Zie
comred_1.png	IM_eXN3E6hId8Q2bqK
comred_2.png	IM_2hh2SJA2erRsrS6
comred_2.png	IM_6g6tzZ7zEMx7jXE
comred_2.png	IM_d3ZAWo455Z9hItU
daejun_0.png	IM_3xSaO3UlZrWbWLA
daejun_0.png	IM_6tFcu8OajzhmcWq
daejun_0.png	IM_eqFxnVTi314CV26
daejun_1.png	IM_4PdI93KJK10YY8S
daejun_1.png	IM_dncGrTEAPqXXLNA
daejun_1.png	IM_eyUnsBUHy4XCtng
daejun_2.png	IM_3dxrnZjEAap8zqK
daejun_2.png	IM_a3s4WX0oDqB8UYu
daejun_2.png	IM_eai2N3z8Tb77jWC
doccor_0.png	IM_2i3H5pppCn6g5Bc
doccor_0.png	IM_3UEJ03kexCTcghE
doccor_0.png	IM_9mfxhpwYD8uLanQ
doccor_0.png	IM_ey9mG139zZVbPH8
doccor_1.png	IM_1B2xGZzsphPapIa
doccor_1.png	IM_2acpBNLYJVSQdBc
doccor_1.png	IM_8IIz04DsXYlGBOC
doccor_1.png	IM_cHDDFdBIwYj3pcO
doccor_2.png	IM_069dsuqjB9rpntI
doccor_2.png	IM_1zE635OMjC2EYWW
doccor_2.png	IM_3t6y9FA6UvflDgO
doccor_2.png	IM_cNleVzqgf9HpL3o
dowwoo_0.png	IM_9LbHCMKJ6mS7vpA
dowwoo_0.png	IM_czHI6p0SUqhyAnQ
dowwoo_0.png	IM_d5PACA2n5OvHyPs
dowwoo_1.png	IM_1U2JeqB466disf4
dowwoo_1.png	IM_24ZTUJNDhd29VC6
dowwoo_1.png	IM_e55AQi9p3JBAHLU
dowwoo_2.png	IM_2mbuatH0WFfQqVM
dowwoo_2.png	IM_bPmnh0fGpU4puN8
dowwoo_2.png	IM_eM16u6X5IlYVnsq
dunlin_0.png	IM_3IDFWUbwfw8DdMW
dunlin_0.png	IM_7WGzIcpVcA44EXc
dunlin_0.png	IM_eDp86Ff2MUSfd8a
dunlin_1.png	IM_0czr0sQIdOfoS0e
dunlin_1.png	IM_0HBGS9AzUSwYOea
dunlin_1.png	IM_6SBUELHph12tTme
dunlin_2.png	IM_1XLiC9GcIkKwkTk
dunlin_2.png	IM_780jxTQhegwMAoS
dunlin_2.png	IM_dg2jdD5nvs0xi8C
eargre_0.png	IM_6srW2jgSOgzBxkO
eargre_0.png	IM_8ugCZfnXUC1DsRU
eargre_0.png	IM_cD7ZvE5FJUwxCrY
eargre_1.png	IM_37sAYCfGhjS0DlA
eargre_1.png	IM_6nefcZBkyMRuKLs
eargre_1.png	IM_8HOwzYZyFbp5g2i
eargre_2.png	IM_099dWqyD6dpfo58
eargre_2.png	IM_1XDp4r97O7OXplQ
eargre_2.png	IM_23td7yZJeTycgB0
easblu_0.png	IM_5A3ANARkBBejzvw
easblu_0.png	IM_8vOSdaWdqHZpMrA
easblu_0.png	IM_bJX9fcPrPN72WQm
easblu_1.png	IM_3rQN54nf05XWkcu
easblu_1.png	IM_72i6OAGbv7XveQK
easblu_1.png	IM_8cxcmQtvXwaSJ4W
easblu_2.png	IM_2ofB1kfflNx60eO
easblu_2.png	IM_agBoeEix2taLhye
easblu_2.png	IM_bQlQaMuj7Shnmsu
easkin_0.png	IM_3XaYf1TYL9L1Eou
easkin_0.png	IM_cUtlqsbXENRPk6W
easkin_0.png	IM_eJQlNR12CKJShoy
easkin_1.png	IM_3J0EnSkrygDP250
easkin_1.png	IM_bvbXdZbB3hbrgwu
easkin_1.png	IM_eQmAlKv6BYI1oGi
easkin_2.png	IM_6zh7XvxAJktxxkO
easkin_2.png	IM_77Xj12u4K3b0Lzg
easkin_2.png	IM_esXoItl37P94G8K
eursta_0.png	IM_07Wnub6vPni1wcS
eursta_0.png	IM_0fF8PPSMqkEG0su
eursta_0.png	IM_1Y0PDLNcZ30YUtM
eursta_1.png	IM_6qZ3HzaL6EBobGK
eursta_1.png	IM_baABITB5cvesoFE
eursta_1.png	IM_e2o0I8EVxe5yb6S
eursta_2.png	IM_5AqHUXSmNAAUtTg
eursta_2.png	IM_5ncjSUlWrm0mxCe
eursta_2.png	IM_e8WqYOYpj2DCn66
glagul_0.png	IM_3wLz3HAXeoC8MWG
glagul_0.png	IM_9yoCgt1c96URmyG
glagul_0.png	IM_cOYBywEngKKCdim
glagul_1.png	IM_4UQ0m0DIqO8Xbx4
glagul_1.png	IM_4VMynzmHzFNgJ70
glagul_1.png	IM_6EHKhnsHb0JSimq
glagul_2.png	IM_02sfbxkywPTGmB8
glagul_2.png	IM_6JuJIynvcx7BfxQ
glagul_2.png	IM_aibrM33lq4nHqWa
gloibi_0.png	IM_0AqKFIZrzDivTMi
gloibi_0.png	IM_egl40RavIRssh4q
gloibi_0.png	IM_eP6Vnx6EZbHn2dg
gloibi_1.png	IM_3sfm0lHwwbBpQBE
gloibi_1.png	IM_5uvTNu4p28H60HI
gloibi_1.png	IM_enZXJiIlVL2wIPc
gloibi_2.png	IM_3rrPQ1DKid2dE7I
gloibi_2.png	IM_6QiCCIooZXhDkkS
gloibi_2.png	IM_6tcZM8ZSCzmkiwK
gnwtea_0.png	IM_0CCYP8bALkA48DA
gnwtea_0.png	IM_6rinULU5pS7tXaS
gnwtea_0.png	IM_8kn8yIF1DFd8EfA
gnwtea_1.png	IM_4YjgmchZqaToMJ0
gnwtea_1.png	IM_enii8v6wDA9gkPs
gnwtea_1.png	IM_erH09dzFxFK9GGa
gnwtea_2.png	IM_6m9EnAmciqRueGi
gnwtea_2.png	IM_9RKe59jA4xRDn7g
gnwtea_2.png	IM_bOCFRXjwXP205mK
gockin_0.png	IM_3ehyOoNJfYe18dU
gockin_0.png	IM_aVSp3Evccn7k5p4
gockin_0.png	IM_eEbp6FOYnI0pRnU
gockin_1.png	IM_24AVTFRcjS5NQ22
gockin_1.png	IM_7VyCvkKLU4jXhXM
gockin_1.png	IM_820p5Wb2hrHJkaO
gockin_2.png	IM_0PqJqNdNrlsqAwS
gockin_2.png	IM_d43lSfr9UwHlqOa
gockin_2.png	IM_eDNng6GnFDNzosm
grbher3_0.png	IM_1BJrSdgljOLMpGm
grbher3_0.png	IM_3JjRTHGAQ5gf74q
grbher3_0.png	IM_agudMTYgevmmHNY
grbher3_0.png	IM_d5vtVhyFSc4KlqC
grbher3_1.png	IM_0GRjrRN47Cyy5Rs
grbher3_1.png	IM_2bqMz4idEJd1blI
grbher3_1.png	IM_6yZN6E2Zx0jqtz8
grbher3_1.png	IM_ePYNtdBSHTjluxU
grbher3_2.png	IM_3CzCSiMakRTA1uu
grbher3_2.png	IM_6ApawFJdwcwcdGm
grbher3_2.png	IM_7aOTxT16RrACZhk
grbher3_2.png	IM_8uoXFcaZL8UzXam
greegr_0.png	IM_1M938bTiTAsoFhk
greegr_0.png	IM_cYIzGAsMMi7IJ6u
greegr_1.png	IM_51magjgep4kci90
greegr_1.png	IM_6x6EdjZ84jVo2LY
greegr_1.png	IM_ezaQgtYuJ2GFsua
greegr_2.png	IM_6KAq1gLwUkf4hLw
greegr_2.png	IM_9NwI83rx0m6Buf4
greegr_2.png	IM_aggWAOsROqvLkTY
grhowl_0.png	IM_0xIXvfYCPhNqwvQ
grhowl_0.png	IM_86Lw8ygIxVJyjoq
grhowl_0.png	IM_9oxSVFsB01oaYHI
grhowl_1.png	IM_1BsGe3MrBYLIRXE
grhowl_1.png	IM_1TCtFUz03XZ7bgi
grhowl_1.png	IM_8DfZ7LFMyXIoQd0
grhowl_2.png	IM_5ju6Vgg21OOtQcC
grhowl_2.png	IM_6GwK73EYOW6ezCC
grhowl_2.png	IM_e4YqtLzCuDIWXj0
grycat_0.png	IM_6RrYkG97dyxZjBI
grycat_0.png	IM_6zfEcLDcZJ1bqXc
grycat_0.png	IM_d6CTJOn2JicI66G
grycat_1.png	IM_6XzyAZkZZkIUl6e
grycat_1.png	IM_6yfXUMnBAuwqt70
grycat_1.png	IM_9uyLiOGvpAUHxd4
grycat_2.png	IM_5tGy00L7rzk6ZSu
grycat_2.png	IM_e4YrVMsn0CZUjZQ
grycat_2.png	IM_eVE1X3xZNtRFsuW
gwfgoo_0.png	IM_5zixTZ16WajCs9U
gwfgoo_0.png	IM_9R1wR5nwbJtZUhg
gwfgoo_0.png	IM_cvaNSr4Xque0YRM
gwfgoo_1.png	IM_1Ilha4q9rkUCCTs
gwfgoo_1.png	IM_1Lah2gSFPxfCSKW
gwfgoo_1.png	IM_29a5j6aOr3j5kXk
gwfgoo_2.png	IM_3EOyGDVBWFGebZk
gwfgoo_2.png	IM_41tPgHApJLYU1G6
gwfgoo_2.png	IM_eyzFI4sU5arJ7Uy
horlar_0.png	IM_0qPsCOBgkkujQeq
horlar_0.png	IM_8nOVLRrmmfEgBsq
horlar_0.png	IM_cwDqdRmLh6iiXUa
horlar_1.png	IM_6r1UC6ykMzZOnR4
horlar_1.png	IM_82FhPMxDqFaSkF8
horlar_1.png	IM_8AjhS95Ce40Qnum
horlar_2.png	IM_6ETA1BlzjVrLn1A
horlar_2.png	IM_8dchgxPupwJ0NtY
horlar_2.png	IM_a5gW1bwAMQyp7ts
houfin_0.png	IM_0f8xD4zIeuBCBro
houfin_0.png	IM_ahFo8M0W5dXRCfQ
houfin_0.png	IM_e5Jb2gTANfe7KGG
houfin_1.png	IM_1H9qGE9imLjOuGO
houfin_1.png	IM_4N4HwNhlB5XrBTU
houfin_1.png	IM_damaKzoHt8uzCZM
houfin_2.png	IM_3rOYtndrWbrimoK
houfin_2.png	IM_5jsJGEeLNcu2t6u
houfin_2.png	IM_bsgi2bQ2JbJUCvc
houspa_0.png	IM_1ZhXAfs8LQMIpEy
houspa_0.png	IM_3Oav8eX9ZHBki7c
houspa_0.png	IM_esKLAyKZ0kewpo2
houspa_1.png	IM_3JYVxD27mAwU80S
houspa_1.png	IM_5vvyvcQv5NCnliu
houspa_1.png	IM_78wlLpad3isntzw
houspa_2.png	IM_0IJ8xitKJVg3ETs
houspa_2.png	IM_77jC134q75XI3zw
houspa_2.png	IM_d70BuisaKpyeSxM
houwre_0.png	IM_1GqmSF0A5HRDWOq
houwre_0.png	IM_5BUVjW0YRmBPG50
houwre_0.png	IM_a60BdNliDQWm6nY
houwre_1.png	IM_8GRUFtbEfkjt6aa
houwre_1.png	IM_aXiAP3U6fBMBDmK
houwre_1.png	IM_bkifgKIO7OQQZFk
houwre_2.png	IM_4Zu5Yo6PJ2w8xT0
houwre_2.png	IM_5AOFsLMaglqau7Y
houwre_2.png	IM_bBksAy9EBFadNVI
indbun_0.png	IM_4V0vTiQxxJZafC6
indbun_0.png	IM_57osfpsw5G6litg
indbun_0.png	IM_aXhWvpfuVwnaf66
indbun_1.png	IM_290DxpTuih80BDM
indbun_1.png	IM_4IcEDVq8dAMIPNc
indbun_1.png	IM_eajOykbRzQ4m2Mu
indbun_2.png	IM_2mfNEwrfqXTAms6
indbun_2.png	IM_5j59q3jJjTnLupU
indbun_2.png	IM_bmiq3cInqycYvJk
magwar_0.png	IM_1zcV7J6yRLqzyf4
magwar_0.png	IM_9BljtrILCEulGxU
magwar_0.png	IM_eG43DXGS1lUyr6C
magwar_1.png	IM_2033SWcYEkYx0sm
magwar_1.png	IM_bmbhMP8wHiJBbnM
magwar_1.png	IM_eJLPBTfEvUJaD9c
magwar_2.png	IM_0NXU90w8UUuAXie
magwar_2.png	IM_23lBGA8Z9gDJS62
magwar_2.png	IM_2owo0cBVWdagC8e
mallar3_0.png	IM_0VSknK77R4Gi2vY
mallar3_0.png	IM_3rCz43lYU4xgtHE
mallar3_0.png	IM_bxT4DsY3Fydbgwu
mallar3_1.png	IM_0MSvulLsKUsWd5Y
mallar3_1.png	IM_ahhPC4TmvhdFP0y
mallar3_1.png	IM_byCmZwEfzbpdPy6
mallar3_2.png	IM_6hdDJgx2XUhYeRo
mallar3_2.png	IM_77flbOkV15WO63k
mallar3_2.png	IM_cIrkRNQy8jSPw90
moudov_0.png	IM_1TSz7sVfN8Pca1w
moudov_0.png	IM_1TYHZ2gzXMOaeMK
moudov_0.png	IM_eX5hUy6sks6UdrU
moudov_1.png	IM_3qMXINqxjQFMxw2
moudov_1.png	IM_6FpSDy4qGKCSHFc
moudov_1.png	IM_dpCyDoqNplPkPj0
moudov_2.png	IM_6xQ1UH6dM2aHQMu
moudov_2.png	IM_9mg6rYLy74DHPca
moudov_2.png	IM_d7i9p91ZiwK4mx0
mutswa_0.png	IM_0fGvZfT1zGvxZWK
mutswa_0.png	IM_6R6HjJwT3u6zw7s
mutswa_0.png	IM_8dAJcTSNSrsWqO2
mutswa_0.png	IM_8IIbxho5xruDI9M
mutswa_1.png	IM_296BAtb9eRuj7hQ
mutswa_1.png	IM_3ObqicvduHiqvvE
mutswa_1.png	IM_9nJLGp5slcBIftA
mutswa_1.png	IM_agThUmyvQFYYeLY
mutswa_2.png	IM_0xJNH2I1cm0qxUi
mutswa_2.png	IM_23rPXLfW11uYNWC
mutswa_2.png	IM_6oowSPSFOY8rbYW
mutswa_2.png	IM_cTu8OwUKtA0SaN0
norcar_0.png	IM_2lRakHfaVryz3O6
norcar_0.png	IM_80u8dbWZiGK4IES
norcar_0.png	IM_cAaF4cKHtKpEvGu
norcar_1.png	IM_73uWKqiba7NvBSS
norcar_1.png	IM_8jOXH6PXSi3MKge
norcar_1.png	IM_cACOQGoGQLOFtMa
norcar_2.png	IM_001AWg2ZHi4PwF0
norcar_2.png	IM_2sNShCyjJCE21vw
norcar_2.png	IM_d5YfICnY2xnmfQy
norfli_0.png	IM_8CItTGABMCs8UJg
norfli_0.png	IM_8nRZSez1fjFgGDc
norfli_0.png	IM_cvZzrvsnVk9tWpU
norfli_1.png	IM_3K7livGUk5ajEgK
norfli_1.png	IM_8CgdsqdL8eVKkN8
norfli_1.png	IM_cTQnpm0CyrsacOW
norfli_2.png	IM_6ooq0GhZm5ptX4G
norfli_2.png	IM_6yrLa3qIleakcia
norfli_2.png	IM_erH7B4z8HVJOe8e
normoc_0.png	IM_088fLQ0VZim1ubs
normoc_0.png	IM_9mYPIpgEXWJClng
normoc_0.png	IM_dm4T8B2WhQsoTHg
normoc_1.png	IM_2seuUDTw7C0JT2C
normoc_1.png	IM_6mv9YSVyGTj0Rmu
normoc_1.png	IM_efBo2U7auLmDYP4
normoc_2.png	IM_0j2CWSBJALS5Suy
normoc_2.png	IM_4JidF4JgK2coZoi
norpar_0.png	IM_0c8mrNlduWhROxE
norpar_0.png	IM_3yo3uEYesaKfeE6
norpar_1.png	IM_0SyLDw4OQGHadfw
norpar_1.png	IM_donDukOOFOQ4hb8
norpar_1.png	IM_emJnfLl11I9uEYe
norpar_2.png	IM_3XfLzpIy5FAEfrM
norpar_2.png	IM_4ZUpWOwY3x4CXz0
norpin_0.png	IM_3BFm991N7F3dK62
norpin_0.png	IM_b9pcYd0HpWoZEuq
norpin_0.png	IM_cu0lbY1pirS0bwG
norpin_1.png	IM_0eVlFOakl6J9NhI
norpin_1.png	IM_bHqBKnTuifT6iF0
norpin_1.png	IM_dceDAtqm7zVAkku
norpin_2.png	IM_3a34ouRtghRpLqC
norpin_2.png	IM_b7xMdxpf045b08K
norpin_2.png	IM_b9R7rRV5WomOnc2
orcori_0.png	IM_00Vh1ORv1E7kjhs
orcori_0.png	IM_2ocrObNcIANHtie
orcori_0.png	IM_6xml4lGdum3V0XA
orcori_1.png	IM_6uu2Zy1oF9giKbA
orcori_1.png	IM_9FQmoOF17jMOb6C
orcori_1.png	IM_e8qwMEOgx9Mpl1I
orcori_2.png	IM_bHDBTOOlFOqnNki
orcori_2.png	IM_cZp149vwoDcfP3E
orcori_2.png	IM_eXLt1xIOoq9abJ4
pagplo_0.png	IM_24grHUAoLCW2lWC
pagplo_0.png	IM_3JXFONGsmbX0gx8
pagplo_0.png	IM_7UpYVVNQHbVMeea
pagplo_1.png	IM_0x2cXGwsH5EIKWi
pagplo_1.png	IM_3vHkgO4HAbjjtJ4
pagplo_1.png	IM_4UyTiysGEVXFMW2
pagplo_2.png	IM_2iptaAIMTwLeNgO
pagplo_2.png	IM_2n0Q2XCEDlT3OMS
pagplo_2.png	IM_73TPtLV7Ju1J9pY
perfal_0.png	IM_3pYVy1p9rUmEWQS
perfal_0.png	IM_9HpuLUdXm5vXPbE
perfal_0.png	IM_9LTLJ0KYCMhfo2y
perfal_1.png	IM_0SOYZFHdt7Zi8MS
perfal_1.png	IM_0UlVXT9fvzIre8C
perfal_1.png	IM_cvziMQ4G3ui5AmW
perfal_2.png	IM_5thFWDHEY57Qh2C
perfal_2.png	IM_a8JhZAl66AdUEe2
perfal_2.png	IM_bvZZqh1dTBAbFVs
pingro_0.png	IM_8oAGycToecRcifY
pingro_0.png	IM_9NVDYWjrQnnSnKS
pingro_0.png	IM_eleI4se0mNq9yEC
pingro_1.png	IM_3WRLs0IVz4EpJVs
pingro_1.png	IM_7QcOjGp9UH77Vwq
pingro_1.png	IM_8vJjESe1CDv0wDk
pingro_2.png	IM_4PKblHPa8vTc2bQ
pingro_2.png	IM_79yQ077QV38v5Ua
pingro_2.png	IM_eQdrIROJB6ijHka
purmar_0.png	IM_3K7xKFjVzTa9LYq
purmar_0.png	IM_5mxkSJsAwjJiVOS
purmar_0.png	IM_9GKqqQCKEmo035k
purmar_1.png	IM_1G21ZuirY58oqBo
purmar_1.png	IM_1OmrHZwxTWeGwx8
purmar_1.png	IM_b89yWCJhrrFX2qG
purmar_2.png	IM_5aT4ecF7dOvdyiG
purmar_2.png	IM_e9a0WMWT8SkcGAm
purmar_2.png	IM_eRuuziVaRF1UkKO
rebnut_0.png	IM_01Tw5Hlr2GIvPAa
rebnut_0.png	IM_3KkTJNPnL7KgikS
rebnut_0.png	IM_56igNbwrqVXaN4q
rebnut_1.png	IM_3yD4qgGGndagLtk
rebnut_1.png	IM_5yVzT13m5d98Vy6
rebnut_1.png	IM_8ko9An10p28kzMa
rebnut_2.png	IM_1CfJKPHtsBhoAhU
rebnut_2.png	IM_3IpXz0ykiDDMQ2W
rebnut_2.png	IM_5bcd5ogdj77nB1I
rebwoo_0.png	IM_22WPg4U6i8KBkzk
rebwoo_0.png	IM_2otGV9XN6Bp44tM
rebwoo_0.png	IM_82PefRIW3V0tadg
rebwoo_1.png	IM_23KGsBz1pdNqENU
rebwoo_1.png	IM_7a3ztR1h4ITCxOS
rebwoo_1.png	IM_9vLOloJWmusfbRc
rebwoo_2.png	IM_08ILUZwGLZX78i2
rebwoo_2.png	IM_424xA5WcxdzBfxQ
rebwoo_2.png	IM_8k6HEgPmv6mStF4
reevir1_0.png	IM_0x4GYEEgNUTwgWq
reevir1_0.png	IM_1Ncx58WtdGXOeWO
reevir1_0.png	IM_87zW5acunYmD5aK
reevir1_1.png	IM_0cAitryoeK4eFbU
reevir1_1.png	IM_0CHJ8hSnuciHuhU
reevir1_1.png	IM_cvcYLwKuTN877Bs
reevir1_2.png	IM_a5YWau4DlyIiN2C
reevir1_2.png	IM_es79ZcRcUKxsz0q
reevir1_2.png	IM_eXSOXwRBKrGJjoy
renpha_0.png	IM_5cdFBP67mP22qVM
renpha_0.png	IM_bPYqol8n9TwVkQm
renpha_0.png	IM_cBh8S4y8aC0OESO
renpha_1.png	IM_5vFj1Ey7kZqgDuS
renpha_1.png	IM_ac4Yrgyl0bqLheC
renpha_1.png	IM_eXQfIZ5iWRjiyJE
renpha_2.png	IM_036jRO8aG9niizk
renpha_2.png	IM_8jn85DEdA2uvH9k
renpha_2.png	IM_doNl0q9me6pGyPQ
rethaw_0.png	IM_39NlNeGGUsysusm
rethaw_0.png	IM_3LfSi2MDsbCl0Kq
rethaw_0.png	IM_4JILFgCXzc4gWMe
rethaw_1.png	IM_5o0N6Bmb3dcOnoq
rethaw_1.png	IM_bsf3WSzXcX6ZyB0
rethaw_1.png	IM_cIsfEZH3EV98y3A
rethaw_2.png	IM_cJ5y30AApkgOkHI
rethaw_2.png	IM_ePCQ1bkwC3BAg6i
rethaw_2.png	IM_eQViFBCqdzKJmTk
rewbla_0.png	IM_6GycaQmjQvg0alU
rewbla_0.png	IM_9uXWsV0TJJec0TA
rewbla_0.png	IM_eRoyXc85fdNfejc
rewbla_1.png	IM_3g7DOLwzVIr0OP4
rewbla_1.png	IM_6A0GkSRM6GZyV0O
rewbla_1.png	IM_8jl3mwrdP3H1t0q
rewbla_2.png	IM_6fbKZyMQmGSWaFM
rewbla_2.png	IM_bBkeGkidqP5g22y
rewbla_2.png	IM_eR0SFJ0zZRIS3Ay
ribgul_0.png	IM_87iaCckWlWsj5MW
ribgul_0.png	IM_cTOaCdZao7ZtpUq
ribgul_0.png	IM_eFgsZpL9IbLpKgS
ribgul_1.png	IM_1UoCRVdj2wrKV82
ribgul_1.png	IM_b17r35iK22xNwjQ
ribgul_1.png	IM_bNu37XeB9zG66Oi
ribgul_2.png	IM_4SL52KMF5i7pyqq
ribgul_2.png	IM_54QBcmmFCbtKxHE
ribgul_2.png	IM_bq1L3ZWagM4G1lc
rinphe_0.png	IM_5yEhBKkPxT19rVQ
rinphe_0.png	IM_b75fis4Rmup7aXc
rinphe_0.png	IM_dn8KFcjMviCmpXU
rinphe_1.png	IM_1YBTuwi5YmB0ljo
rinphe_1.png	IM_2ukuNcbpqy4FpwW
rinphe_1.png	IM_cNJ6DR64aSnqqua
rinphe_2.png	IM_2nl835cI8IaQQ7k
rinphe_2.png	IM_8cOvlxnxKCayLv8
rinphe_2.png	IM_bJmLty2ZVcgv1Eq
rocpig_0.png	IM_8A1Oh6H2j8d6SbQ
rocpig_0.png	IM_eeyYf1SSYMzOg50
rocpig_0.png	IM_ehwRdp6pcDE1MGi
rocpig_1.png	IM_8040aG5WA4lRNd4
rocpig_1.png	IM_8dYBucdOhMdnX3o
rocpig_1.png	IM_eVXofANhp1zYhN4
rocpig_2.png	IM_2lCikGx4oYh0cui
rocpig_2.png	IM_3gG4UGs6608pVky
rocpig_2.png	IM_e8lRZCKUQ21JXfw
rthhum_0.png	IM_1HOXU0XXYZvH8Ls
rthhum_0.png	IM_511YnWaCH8c9smq
rthhum_0.png	IM_6WsX4c3r6WDuTB4
rthhum_1.png	IM_2adj2Kw5npDIhDM
rthhum_1.png	IM_40JW6KBWts8dGzs
rthhum_1.png	IM_6M3myjnriWVAjDE
rthhum_2.png	IM_5thyojLZkdvV83Q
rthhum_2.png	IM_aYwlTnj4yIUWzsi
rthhum_2.png	IM_cN0y4nfBoX7RBeS
sctfly_0.png	IM_3EiaWGWaSv22AR0
sctfly_0.png	IM_6mLO6hLPwK4UieG
sctfly_0.png	IM_es2LJyri0ZmFl5k
sctfly_1.png	IM_3xYZpe4C85Bk2gu
sctfly_1.png	IM_d0Y9ZHtgHX10KAS
sctfly_1.png	IM_ewVv0uNXbC5Si6W
sctfly_2.png	IM_2lVRbbr3qAniKcm
sctfly_2.png	IM_8Il5HelIE3CUcjc
sctfly_2.png	IM_aa9MpwlYEcX80tw
sheowl_0.png	IM_5zfBNWDW0o9sAse
sheowl_0.png	IM_9B3MyztQwSzhnEy
sheowl_0.png	IM_cNle1d8cpN8EEWa
sheowl_1.png	IM_3CRhdL5Ikyvy4Tk
sheowl_1.png	IM_6imTVw8A4oMaJE2
sheowl_1.png	IM_eaI8f1BJfDay6JE
sheowl_2.png	IM_5tGVrpCoJJ5mwXc
sheowl_2.png	IM_9N3rFtX0M17c8RM
sheowl_2.png	IM_cBYbaNDm9EDB22a
snobun_0.png	IM_9n8eRf4q9PjfOjs
snobun_0.png	IM_eCXhDRrf0GNqREi
snobun_0.png	IM_eljHr3ZEUzgDuGa
snobun_1.png	IM_5vB3jcqr4d7SV6u
snobun_1.png	IM_6R6Ey7MIyEVNJoa
snobun_1.png	IM_9Sme4YBAQDNeexw
snobun_2.png	IM_06tKonpRzrvv5K6
snobun_2.png	IM_0kYnpCmHvb97lau
snobun_2.png	IM_bm6UyCwnD63PEi2
snogoo_0.png	IM_1RYmNGtOghFCsia
snogoo_0.png	IM_3VjlhbJUsp6op0O
snogoo_0.png	IM_8BX6UVBuzEEi6hM
snogoo_1.png	IM_0NulLfXpzSUdjxQ
snogoo_1.png	IM_b3HYBx9lP56W6s6
snogoo_1.png	IM_dhdtbPBjIMMM6gu
snogoo_2.png	IM_41nwGpnv6Scl4b4
snogoo_2.png	IM_9GKmck2sCzypPsa
snogoo_2.png	IM_eboGK8seVbYppbM
sonspa_0.png	IM_0SUQv9bTGMCx7aS
sonspa_0.png	IM_afR4Qk3b8sgH1H0
sonspa_0.png	IM_elmsZXF0elUiF6K
sonspa_1.png	IM_1LK2fE94gsinubc
sonspa_1.png	IM_aXzCWkGoygxkDHw
sonspa_1.png	IM_bPCbpzQE0gbyxRs
sonspa_2.png	IM_b2zICQSda49szdQ
sonspa_2.png	IM_cvVsMZy4tV6BDO6
sonspa_2.png	IM_dniopJQR4InuPZ4
turvul_0.png	IM_0wTHtiBMFoOBKWq
turvul_0.png	IM_9oYCpUlJLwor5tk
turvul_0.png	IM_9RA6Wq7CukQ4HOK
turvul_1.png	IM_5ArfHz0HMEfqV2m
turvul_1.png	IM_8dz5sDEvaEY7jy6
turvul_1.png	IM_blvUaQZZYaMhRzg
turvul_2.png	IM_25guMMtgbaqwlf0
turvul_2.png	IM_2frafMhm7KfT1R4
turvul_2.png	IM_bCJeByw72rLOOGy
varthr_0.png	IM_1KQDuNROfjDv6po
varthr_0.png	IM_2ox1T6TKGxGOZ2S
varthr_0.png	IM_8AgjWvEaFDhHEqi
varthr_1.png	IM_50BfB20iIK2j98W
varthr_1.png	IM_cApIoKST6oGkVKe
varthr_1.png	IM_dbBWTWb37WltLAW
varthr_2.png	IM_8iFT5vqhG88MRGm
varthr_2.png	IM_9BjhzEMeLSabPkG
varthr_2.png	IM_br555k0ppNy4gho
wesmea_0.png	IM_0ibbq9MjeA7eF3U
wesmea_0.png	IM_cPfXqygtrHxSKpg
wesmea_0.png	IM_erDtalt2lEq2nJ4
wesmea_1.png	IM_0P5MoOKDB3jz5r0
wesmea_1.png	IM_4NKSm7KckiTHr3o
wesmea_1.png	IM_5nmg1grs2xPjU10
wesmea_2.png	IM_5bbfc7gL6zzBexU
wesmea_2.png	IM_ag8flGPLKr7cdtI
wesmea_2.png	IM_eWJEwHCblpGZKcu
whrsan_0.png	IM_3EK0VpSrvnlstbE
whrsan_0.png	IM_3OUNC4PHD0nVB2u
whrsan_0.png	IM_4PgnZ86cu0ChMkC
whrsan_1.png	IM_06aqj5dtedk6iqi
whrsan_1.png	IM_1RgMkhbiafMKnPM
whrsan_1.png	IM_e4ZPyzIzUsvsBqC
whrsan_2.png	IM_25cmOWUeEOljGku
whrsan_2.png	IM_2rtWbijDefpZiNE
whrsan_2.png	IM_9G4bePv2uLhcdzo
whwcro_0.png	IM_2l7IutoKMrvTsAm
whwcro_0.png	IM_7QZ0HSyWptBc2qO
whwcro_0.png	IM_9EmRnG4uiL8eVPE
whwcro_1.png	IM_6XM4mNBPuUavBfU
whwcro_1.png	IM_ekETQdm29Dq6eNM
whwcro_1.png	IM_erKErZcaZNWP8jQ
whwcro_2.png	IM_1GGDgmhcDqWYpLg
whwcro_2.png	IM_aXWMBHrUd2uuU9o
whwcro_2.png	IM_d3XMEJcqQbK4JZY
wilpta_0.png	IM_0U4ZJ5f2NDnxQai
wilpta_0.png	IM_4ONaYUaMu7dy52C
wilpta_0.png	IM_9EIVnlDCznqc83s
wilpta_1.png	IM_77ixvxCUHFAmff8
wilpta_1.png	IM_803SHV8ouLsUrRQ
wilpta_1.png	IM_esnr1jJhcuf63iK
wilpta_2.png	IM_0ClPH3t0EsR8ut8
wilpta_2.png	IM_3abWdkcipzEIdAG
wilpta_2.png	IM_868buA6EtYu1O2W
y00475_0.png	IM_1Ie4oPlsdrqM04u
y00475_0.png	IM_26oPCYbDoIeIaii
y00475_0.png	IM_7a0B1IrXHa7QODc
y00475_1.png	IM_869qre5k4clhq5M
y00475_1.png	IM_efjmZ8wFGkLzfam
y00475_1.png	IM_eQY7N4ZSqRsLa3c
y00475_2.png	IM_6YITKDIpHMoHUV0
y00475_2.png	IM_78nFcdEuGxGzL1Q
y00475_2.png	IM_b9oQ7j4mULYv0Ka
yebcuc_0.png	IM_0dgUe2427RfKr4i
yebcuc_0.png	IM_5uvY3gVlgMJPd0G
yebcuc_0.png	IM_8i98SKOo2UiraK2
yebcuc_1.png	IM_2acv1AuuH534bfo
yebcuc_1.png	IM_aWfm3EKhd2jK3bw
yebcuc_1.png	IM_dimPflenSDbCWPQ
yebcuc_2.png	IM_6PuoLTqpVaiejn8
yebcuc_2.png	IM_8FTO4oenwwDrl6S
yebcuc_2.png	IM_eRLRGvUGFX9pyAK
yelwar_0.png	IM_5nzgrT0h5lDhwzk
yelwar_0.png	IM_8vOvK3pqqa5bpHg
yelwar_0.png	IM_9HPRkwpGQyqHHGS
yelwar_1.png	IM_4PfgGy05oHLNt0q
yelwar_1.png	IM_8J4pzvC5jjPJSHI
yelwar_1.png	IM_cCpYeEJ35qQQyyO
yelwar_2.png	IM_9T4Gzrn1X4w7l54
yelwar_2.png	IM_9ylqRXZJfHGYPQi
yelwar_2.png	IM_bISELYn2dS4U0Bw
yerwar_0.png	IM_3KHXnUjijWy5jOS
yerwar_0.png	IM_bgCychXM4QkgHOe
yerwar_0.png	IM_bwn7JeEvgjRi6Sa
yerwar_1.png	IM_cJ8Wz8nwv2ChDSe
yerwar_1.png	IM_d6D5OVAIkrUIZGS
yerwar_1.png	IM_ehUSe5Z5FOE3gVw
yerwar_2.png	IM_6XYy3M2pToJ3wUe
yerwar_2.png	IM_9B1U1OUxRV3Q3R4
yerwar_2.png	IM_bCMYLyXtfqemSgK
