species_code	picture_0	picture_1	picture_2
aldfly	IM_3luHnnPVBil8w4e	IM_0e1LyBeBU05vdt4	IM_1YoHNNKEpwIlgqO
amecro	IM_3HST8qgFdnjJIYS	IM_0DkzM3fi092wCDc	IM_3C2Ylmb3SDyTcXk
amegfi	IM_2sGKV9S8uTrM1pQ	IM_5BeXnAJN7PWoYqq	IM_0dCXcrVMUfVE4iW
amekes	IM_02H9rBz9yafykOa	IM_0Ng5gTcsrgyweVM	IM_1HQqzXw4KWkqQaG
amered	IM_3VRnhkSrCfh2Up8	IM_2gH729mHvEvlK7A	IM_1BJ0zfNdeHv6Etg
amerob	IM_3KPt21WOaT18nX0	IM_56CMJjMvt1Ns1tY	IM_4Ysd2uFGAcNJXx4
anhing	IM_0H6N3xqFDOVbj6u	IM_2sjliILAtE0Cc7A	IM_4I5eHIsurdqpxzw
annhum	IM_1HyIWXTct62t3Cu	IM_b77rmSqdNylZQKW	IM_0ujZ3oX9qQZjpwW
arcter	IM_5sBuKPKWbwgQCqi	IM_3DXRzKKG88EnDMi	IM_0ebIJXjwn1fxYeW
baleag	IM_4OUlW5EWUgCwLVI	IM_1ACFc2NlPV0x2F8	IM_06tcEapPQ8QwSDc
barswa	IM_4Vg4O4kCABX4FmK	IM_6hrK7xaMxgaVBqu	IM_0GOnkEcc8aVHR1c
bcnher	IM_7808ax6vo44fXCK	IM_8cEeHVvfqKZmwpE	IM_0vRj7wUmn9AnGu2
belkin1	IM_24sSlb0cRsriCaO	IM_bjedLFvpJNBRwyi	IM_afTDSRG1qPbi1lY
bkbcuc	IM_1TGTeXnn7VGnHTg	IM_7QCiqAbRk0cy1g2	IM_5stD5zg8aFsi9P8
bkcchi	IM_29vypT2J3NlJZJQ	IM_0SCqMOKW6TShpSC	IM_9LvHIvUkKUZnv02
bknsti	IM_4T6Zt7UELyhPC6i	IM_57iAoTs2Mx762Ro	IM_0ooj8PmVpOnIrBA
blkvul	IM_0idbSoYr1UPGlcW	IM_7VBkdLNDSWQPHNA	IM_6hTB1M77WUoeMKy
blueth	IM_bpvcQCaYfXrrfHU	IM_8kKeDik0oR8P1wa	IM_0UPusKXmLm6i1hA
blugrb1	IM_0j3XPsslsHEXbO6	IM_3ELlOkb7sJXfbMO	IM_2hOOPclQfFqFw2y
blujay	IM_5mqQ4XFYRHCqxpk	IM_40GfR0ZhjqwXCyq	IM_8u0aGn4qtkzoI98
bnhcow	IM_00rbhFBvs5eTP9k	IM_3PEb9IgknIh5HpQ	IM_4ZNiBcetFsdLmSi
brebla	IM_0q44wpaRuWCOdX8	IM_06O2t7KzZu3jr8y	IM_9MPWPq0gzzOBhTE
brnpel	IM_4IsJ2PWb20g7QPA	IM_06ty1UrJoN0oPQi	IM_6zZmrPlpAzP8NOC
brwhaw	IM_3DZq4ilg8Jvn6Pc	IM_7ZCwqSGVOJogmXk	IM_06ZWVIOqvUNB8KG
buggna	IM_9FZbZ3VagCJoKxg	IM_3XfR3kQOwHLSIzc	IM_55Nweg84H6WUQuy
calqua	IM_0xLHIoDUTHwXLfM	IM_2mbBLxmsMR5O5bU	IM_01I8CvYNhTmyM0C
cangoo	IM_1yVfJk7I0vZLjOS	IM_8ifftXEQoTi5cIC	IM_7ZL39j58dubZdYi
categr	IM_07CbS25Yv5niozY	IM_3BK79khqVUBPTds	IM_72NVOtuLLtG3smG
cedwax	IM_0rKn1rc5jMar5gq	IM_3WpkTwmUttufxau	IM_0P5PqWuLGuQPSui
comgal1	IM_4G9ueJLx6dIHxMG	IM_231le85l83rkg2G	IM_5AemmRrN428U9sG
comgra	IM_2aVtPFA0AJk9lCS	IM_2ipABrNzu2CjSMm	IM_0ikGveP5xzZjclU
comloo	IM_7ZDQJqRi4W930Zo	IM_425yDugMyUDopLw	IM_4HgwvzpSHLBFJ66
comred	IM_0wvLygMWjtw8uEe	IM_42YRHj6xmDi7ZgW	IM_2hh2SJA2erRsrS6
daejun	IM_3xSaO3UlZrWbWLA	IM_4PdI93KJK10YY8S	IM_3dxrnZjEAap8zqK
doccor	IM_2i3H5pppCn6g5Bc	IM_1B2xGZzsphPapIa	IM_069dsuqjB9rpntI
dowwoo	IM_9LbHCMKJ6mS7vpA	IM_1U2JeqB466disf4	IM_2mbuatH0WFfQqVM
dunlin	IM_3IDFWUbwfw8DdMW	IM_0czr0sQIdOfoS0e	IM_1XLiC9GcIkKwkTk
eargre	IM_6srW2jgSOgzBxkO	IM_37sAYCfGhjS0DlA	IM_099dWqyD6dpfo58
easblu	IM_5A3ANARkBBejzvw	IM_3rQN54nf05XWkcu	IM_2ofB1kfflNx60eO
easkin	IM_3XaYf1TYL9L1Eou	IM_3J0EnSkrygDP250	IM_6zh7XvxAJktxxkO
eursta	IM_07Wnub6vPni1wcS	IM_6qZ3HzaL6EBobGK	IM_5AqHUXSmNAAUtTg
glagul	IM_3wLz3HAXeoC8MWG	IM_4UQ0m0DIqO8Xbx4	IM_02sfbxkywPTGmB8
gloibi	IM_0AqKFIZrzDivTMi	IM_3sfm0lHwwbBpQBE	IM_3rrPQ1DKid2dE7I
gnwtea	IM_0CCYP8bALkA48DA	IM_4YjgmchZqaToMJ0	IM_6m9EnAmciqRueGi
gockin	IM_3ehyOoNJfYe18dU	IM_24AVTFRcjS5NQ22	IM_0PqJqNdNrlsqAwS
grbher3	IM_1BJrSdgljOLMpGm	IM_0GRjrRN47Cyy5Rs	IM_3CzCSiMakRTA1uu
greegr	IM_1M938bTiTAsoFhk	IM_51magjgep4kci90	IM_6KAq1gLwUkf4hLw
grhowl	IM_0xIXvfYCPhNqwvQ	IM_1BsGe3MrBYLIRXE	IM_5ju6Vgg21OOtQcC
grycat	IM_6RrYkG97dyxZjBI	IM_6XzyAZkZZkIUl6e	IM_5tGy00L7rzk6ZSu
gwfgoo	IM_5zixTZ16WajCs9U	IM_1Ilha4q9rkUCCTs	IM_3EOyGDVBWFGebZk
horlar	IM_0qPsCOBgkkujQeq	IM_6r1UC6ykMzZOnR4	IM_6ETA1BlzjVrLn1A
houfin	IM_0f8xD4zIeuBCBro	IM_1H9qGE9imLjOuGO	IM_3rOYtndrWbrimoK
houspa	IM_1ZhXAfs8LQMIpEy	IM_3JYVxD27mAwU80S	IM_0IJ8xitKJVg3ETs
houwre	IM_1GqmSF0A5HRDWOq	IM_8GRUFtbEfkjt6aa	IM_4Zu5Yo6PJ2w8xT0
indbun	IM_4V0vTiQxxJZafC6	IM_290DxpTuih80BDM	IM_2mfNEwrfqXTAms6
magwar	IM_1zcV7J6yRLqzyf4	IM_2033SWcYEkYx0sm	IM_0NXU90w8UUuAXie
mallar3	IM_0VSknK77R4Gi2vY	IM_0MSvulLsKUsWd5Y	IM_6hdDJgx2XUhYeRo
moudov	IM_1TSz7sVfN8Pca1w	IM_3qMXINqxjQFMxw2	IM_6xQ1UH6dM2aHQMu
mutswa	IM_0fGvZfT1zGvxZWK	IM_296BAtb9eRuj7hQ	IM_0xJNH2I1cm0qxUi
norcar	IM_2lRakHfaVryz3O6	IM_73uWKqiba7NvBSS	IM_001AWg2ZHi4PwF0
norfli	IM_8CItTGABMCs8UJg	IM_3K7livGUk5ajEgK	IM_6ooq0GhZm5ptX4G
normoc	IM_088fLQ0VZim1ubs	IM_2seuUDTw7C0JT2C	IM_0j2CWSBJALS5Suy
norpar	IM_0c8mrNlduWhROxE	IM_0SyLDw4OQGHadfw	IM_3XfLzpIy5FAEfrM
norpin	IM_3BFm991N7F3dK62	IM_0eVlFOakl6J9NhI	IM_3a34ouRtghRpLqC
orcori	IM_00Vh1ORv1E7kjhs	IM_6uu2Zy1oF9giKbA	IM_bHDBTOOlFOqnNki
pagplo	IM_24grHUAoLCW2lWC	IM_0x2cXGwsH5EIKWi	IM_2iptaAIMTwLeNgO
perfal	IM_3pYVy1p9rUmEWQS	IM_0SOYZFHdt7Zi8MS	IM_5thFWDHEY57Qh2C
pingro	IM_8oAGycToecRcifY	IM_3WRLs0IVz4EpJVs	IM_4PKblHPa8vTc2bQ
purmar	IM_3K7xKFjVzTa9LYq	IM_1G21ZuirY58oqBo	IM_5aT4ecF7dOvdyiG
rebnut	IM_01Tw5Hlr2GIvPAa	IM_3yD4qgGGndagLtk	IM_1CfJKPHtsBhoAhU
rebwoo	IM_22WPg4U6i8KBkzk	IM_23KGsBz1pdNqENU	IM_08ILUZwGLZX78i2
reevir1	IM_0x4GYEEgNUTwgWq	IM_0cAitryoeK4eFbU	IM_a5YWau4DlyIiN2C
renpha	IM_5cdFBP67mP22qVM	IM_5vFj1Ey7kZqgDuS	IM_036jRO8aG9niizk
rethaw	IM_39NlNeGGUsysusm	IM_5o0N6Bmb3dcOnoq	IM_cJ5y30AApkgOkHI
rewbla	IM_6GycaQmjQvg0alU	IM_3g7DOLwzVIr0OP4	IM_6fbKZyMQmGSWaFM
ribgul	IM_87iaCckWlWsj5MW	IM_1UoCRVdj2wrKV82	IM_4SL52KMF5i7pyqq
rinphe	IM_5yEhBKkPxT19rVQ	IM_1YBTuwi5YmB0ljo	IM_2nl835cI8IaQQ7k
rocpig	IM_8A1Oh6H2j8d6SbQ	IM_8040aG5WA4lRNd4	IM_2lCikGx4oYh0cui
rthhum	IM_1HOXU0XXYZvH8Ls	IM_2adj2Kw5npDIhDM	IM_5thyojLZkdvV83Q
sctfly	IM_3EiaWGWaSv22AR0	IM_3xYZpe4C85Bk2gu	IM_2lVRbbr3qAniKcm
sheowl	IM_5zfBNWDW0o9sAse	IM_3CRhdL5Ikyvy4Tk	IM_5tGVrpCoJJ5mwXc
snobun	IM_9n8eRf4q9PjfOjs	IM_5vB3jcqr4d7SV6u	IM_06tKonpRzrvv5K6
snogoo	IM_1RYmNGtOghFCsia	IM_0NulLfXpzSUdjxQ	IM_41nwGpnv6Scl4b4
sonspa	IM_0SUQv9bTGMCx7aS	IM_1LK2fE94gsinubc	IM_b2zICQSda49szdQ
turvul	IM_0wTHtiBMFoOBKWq	IM_5ArfHz0HMEfqV2m	IM_25guMMtgbaqwlf0
varthr	IM_1KQDuNROfjDv6po	IM_50BfB20iIK2j98W	IM_8iFT5vqhG88MRGm
wesmea	IM_0ibbq9MjeA7eF3U	IM_0P5MoOKDB3jz5r0	IM_5bbfc7gL6zzBexU
whrsan	IM_3EK0VpSrvnlstbE	IM_06aqj5dtedk6iqi	IM_25cmOWUeEOljGku
whwcro	IM_2l7IutoKMrvTsAm	IM_6XM4mNBPuUavBfU	IM_1GGDgmhcDqWYpLg
wilpta	IM_0U4ZJ5f2NDnxQai	IM_77ixvxCUHFAmff8	IM_0ClPH3t0EsR8ut8
y00475	IM_1Ie4oPlsdrqM04u	IM_869qre5k4clhq5M	IM_6YITKDIpHMoHUV0
yebcuc	IM_0dgUe2427RfKr4i	IM_2acv1AuuH534bfo	IM_6PuoLTqpVaiejn8
yelwar	IM_5nzgrT0h5lDhwzk	IM_4PfgGy05oHLNt0q	IM_9T4Gzrn1X4w7l54
yerwar	IM_3KHXnUjijWy5jOS	IM_cJ8Wz8nwv2ChDSe	IM_6XYy3M2pToJ3wUe
